{
  "src.md": 1776570213.6133556,
  "core_types_math.md": 1776570163.9401379,
  "pointcloud_indexing.md": 1776570162.3818047,
  "kdtree_structures.md": 1776570115.775803,
  "pointcloud_conversion_utils.md": 1776570011.6059737,
  "system_timer_support.md": 1776570103.3898046,
  "executables_and_repack.md": 1776570024.7179723,
  "overview.md": 1776571532.6929917
}